{ "height":15,
 "layers":[
        {
         "data":[0, 0, 20, 28, 6, 6, 6, 28, 28, 21, 0, 0, 0, 0, 0, 0, 0, 0, 0, 0, 0, 0, 0, 0, 0, 0, 0, 0, 0, 0, 20, 6, 39, 45, 43, 45, 42, 45, 43, 29, 0, 0, 0, 0, 0, 0, 0, 0, 0, 0, 0, 0, 0, 0, 0, 0, 0, 0, 0, 0, 3, 43, 44, 44, 45, 44, 43, 42, 42, 29, 0, 0, 0, 0, 0, 0, 0, 0, 0, 0, 0, 0, 0, 0, 0, 0, 0, 0, 0, 0, 1, 42, 44, 45, 42, 45, 41, 42, 44, 29, 0, 0, 0, 0, 0, 0, 0, 0, 0, 0, 0, 0, 0, 0, 0, 0, 0, 0, 0, 0, 5, 44, 44, 18, 31, 41, 42, 44, 43, 13, 0, 0, 0, 0, 0, 0, 0, 0, 0, 0, 0, 0, 0, 0, 0, 0, 0, 0, 0, 0, 1, 42, 45, 7, 19, 30, 31, 44, 44, 13, 0, 0, 0, 0, 0, 0, 0, 0, 0, 0, 0, 0, 0, 0, 0, 0, 0, 0, 0, 0, 5, 44, 18, 0, 0, 0, 27, 45, 43, 29, 0, 0, 0, 0, 0, 0, 0, 0, 0, 0, 0, 0, 0, 0, 0, 0, 0, 0, 0, 0, 19, 8, 22, 0, 0, 0, 19, 30, 30, 22, 0, 0, 0, 0, 0, 0, 0, 0, 0, 0, 0, 0, 0, 0, 0, 0, 0, 0, 0, 0, 0, 0, 0, 0, 0, 0, 0, 0, 0, 0, 0, 0, 0, 0, 0, 0, 0, 0, 0, 0, 0, 0, 0, 0, 0, 0, 0, 0, 0, 0, 0, 0, 0, 0, 0, 0, 0, 0, 0, 0, 0, 0, 0, 0, 0, 0, 0, 0, 0, 0, 0, 0, 0, 0, 0, 0, 0, 0, 0, 0, 0, 0, 0, 0, 0, 0, 0, 0, 0, 0, 0, 0, 0, 0, 0, 0, 0, 0, 0, 0, 0, 0, 0, 0, 0, 0, 0, 0, 0, 0, 0, 0, 0, 0, 0, 0, 0, 0, 0, 0, 0, 0, 0, 0, 0, 0, 0, 0, 0, 0, 0, 0, 0, 0, 0, 0, 0, 0, 0, 0, 0, 0, 0, 0, 0, 0, 0, 0, 0, 0, 0, 0, 0, 0, 0, 0, 0, 0, 0, 0, 0, 0, 0, 0, 0, 0, 0, 0, 0, 0, 0, 0, 0, 0, 0, 0, 0, 0, 0, 0, 0, 0, 0, 0, 0, 0, 0, 0, 0, 0, 0, 0, 0, 0, 0, 0, 0, 0, 0, 0, 0, 0, 0, 0, 0, 0, 0, 0, 0, 0, 0, 0, 0, 0, 0, 0, 0, 0, 0, 0, 0, 0, 0, 0, 0, 0, 0, 0, 0, 0],
         "height":15,
         "name":"Spaceship",
         "opacity":1,
         "type":"tilelayer",
         "visible":true,
         "width":30,
         "x":0,
         "y":0
        }, 
        {
         "data":[0, 0, 0, 0, 0, 0, 0, 0, 0, 0, 0, 0, 0, 0, 0, 0, 0, 0, 0, 0, 0, 0, 0, 0, 0, 0, 0, 0, 0, 0, 0, 0, 0, 0, 0, 0, 0, 0, 0, 0, 0, 0, 0, 0, 0, 0, 0, 0, 0, 0, 0, 0, 0, 0, 0, 0, 0, 0, 0, 0, 0, 51, 0, 0, 0, 0, 0, 0, 0, 0, 0, 0, 0, 0, 0, 0, 0, 0, 0, 0, 0, 0, 0, 0, 0, 0, 0, 0, 0, 0, 0, 51, 0, 0, 0, 0, 0, 0, 0, 0, 0, 0, 0, 0, 0, 0, 0, 0, 0, 0, 0, 0, 0, 0, 0, 0, 0, 0, 0, 0, 0, 51, 51, 0, 0, 0, 0, 0, 0, 0, 0, 0, 0, 0, 0, 0, 0, 0, 0, 0, 0, 0, 0, 0, 0, 0, 0, 0, 0, 0, 0, 51, 51, 0, 0, 0, 0, 0, 0, 0, 0, 0, 0, 0, 0, 0, 0, 0, 0, 0, 0, 0, 0, 0, 0, 0, 0, 0, 0, 0, 0, 51, 0, 22, 0, 0, 0, 51, 51, 0, 0, 0, 0, 0, 0, 0, 0, 0, 0, 0, 0, 0, 0, 0, 0, 0, 0, 0, 0, 0, 0, 0, 0, 0, 0, 0, 0, 0, 0, 0, 0, 0, 0, 0, 0, 0, 0, 0, 0, 0, 0, 0, 0, 0, 0, 0, 0, 0, 0, 0, 0, 0, 0, 0, 0, 0, 0, 0, 0, 0, 0, 0, 0, 0, 0, 0, 0, 0, 0, 0, 0, 0, 0, 0, 0, 0, 0, 0, 0, 0, 0, 0, 0, 0, 0, 0, 0, 0, 0, 0, 0, 0, 0, 0, 0, 0, 0, 0, 0, 0, 0, 0, 0, 0, 0, 0, 0, 0, 0, 0, 0, 0, 0, 0, 0, 0, 0, 0, 0, 0, 0, 0, 0, 0, 0, 0, 0, 0, 0, 0, 0, 0, 0, 0, 0, 0, 0, 0, 0, 0, 0, 0, 0, 0, 0, 0, 0, 0, 0, 0, 0, 0, 0, 0, 0, 0, 0, 0, 0, 0, 0, 0, 0, 0, 0, 0, 0, 0, 0, 0, 0, 0, 0, 0, 0, 0, 0, 0, 0, 0, 0, 0, 0, 0, 0, 0, 0, 0, 0, 0, 0, 0, 0, 0, 0, 0, 0, 0, 0, 0, 0, 0, 0, 0, 0, 0, 0, 0, 0, 0, 0, 0, 0, 0, 0, 0, 0, 0, 0, 0, 0, 0, 0, 0, 0, 0, 0, 0, 0, 0, 0, 0, 0, 0, 0, 0, 0, 0, 0, 0, 0, 0, 0, 0, 0, 0, 0, 0, 0, 0, 0, 0, 0, 0, 0, 0, 0, 0, 0, 0],
         "height":15,
         "name":"Darkness",
         "opacity":1,
         "type":"tilelayer",
         "visible":true,
         "width":30,
         "x":0,
         "y":0
        }, 
        {
         "draworder":"topdown",
         "height":0,
         "name":"Objects",
         "objects":[
                {
                 "height":100,
                 "id":1,
                 "name":"Player",
                 "properties":
                    {

                    },
                 "rotation":0,
                 "type":"",
                 "visible":true,
                 "width":100,
                 "x":100,
                 "y":400
                }, 
                {
                 "height":100,
                 "id":14,
                 "name":"VictimV",
                 "properties":
                    {

                    },
                 "rotation":0,
                 "type":"",
                 "visible":true,
                 "width":100,
                 "x":500,
                 "y":100
                }, 
                {
                 "height":100,
                 "id":18,
                 "name":"VictimH",
                 "properties":
                    {

                    },
                 "rotation":0,
                 "type":"",
                 "visible":true,
                 "width":100,
                 "x":600,
                 "y":400
                }, 
                {
                 "height":100,
                 "id":23,
                 "name":"Container",
                 "properties":
                    {

                    },
                 "rotation":0,
                 "type":"",
                 "visible":true,
                 "width":100,
                 "x":800,
                 "y":600
                }, 
                {
                 "height":100,
                 "id":24,
                 "name":"Container",
                 "properties":
                    {

                    },
                 "rotation":0,
                 "type":"",
                 "visible":true,
                 "width":100,
                 "x":700,
                 "y":600
                }],
         "opacity":1,
         "type":"objectgroup",
         "visible":true,
         "width":0,
         "x":0,
         "y":0
        }],
 "nextobjectid":25,
 "orientation":"orthogonal",
 "properties":
    {

    },
 "renderorder":"right-down",
 "tileheight":100,
 "tilesets":[
        {
         "firstgid":1,
         "image":"tiles\/tiles.png",
         "imageheight":100,
         "imagewidth":5021,
         "margin":0,
         "name":"tiles",
         "properties":
            {

            },
         "spacing":0,
         "terrains":[
                {
                 "name":"Grippy",
                 "tile":-1
                }],
         "tilecount":50,
         "tileheight":100,
         "tiles":
            {
             "0":
                {
                 "terrain":[-1, 0, -1, 0]
                },
             "1":
                {
                 "terrain":[-1, 0, -1, 0]
                },
             "11":
                {
                 "terrain":[0, 0, -1, -1]
                },
             "12":
                {
                 "terrain":[0, -1, 0, -1]
                },
             "13":
                {
                 "terrain":[-1, 0, -1, 0]
                },
             "15":
                {
                 "terrain":[0, -1, 0, 0]
                },
             "16":
                {
                 "terrain":[-1, 0, 0, 0]
                },
             "17":
                {
                 "terrain":[0, 0, 0, -1]
                },
             "18":
                {
                 "probability":0.5,
                 "terrain":[-1, 0, -1, -1]
                },
             "19":
                {
                 "probability":0.5,
                 "terrain":[-1, -1, -1, 0]
                },
             "2":
                {
                 "terrain":[-1, 0, -1, 0]
                },
             "20":
                {
                 "terrain":[-1, -1, 0, -1]
                },
             "21":
                {
                 "terrain":[0, -1, -1, -1]
                },
             "3":
                {
                 "terrain":[-1, 0, -1, 0]
                },
             "4":
                {
                 "terrain":[-1, 0, -1, 0]
                },
             "40":
                {
                 "terrain":[0, 0, 0, 0]
                },
             "41":
                {
                 "terrain":[0, 0, 0, 0]
                },
             "42":
                {
                 "terrain":[0, 0, 0, 0]
                },
             "43":
                {
                 "terrain":[0, 0, 0, 0]
                },
             "44":
                {
                 "terrain":[0, 0, 0, 0]
                },
             "5":
                {
                 "terrain":[-1, -1, 0, 0]
                },
             "6":
                {
                 "terrain":[0, -1, 0, -1]
                },
             "7":
                {
                 "terrain":[0, 0, -1, -1]
                },
             "8":
                {
                 "terrain":[0, 0, -1, 0]
                }
            },
         "tilewidth":100
        }, 
        {
         "firstgid":51,
         "image":"tiles\/darkness.png",
         "imageheight":100,
         "imagewidth":100,
         "margin":0,
         "name":"darkness",
         "properties":
            {

            },
         "spacing":0,
         "tilecount":1,
         "tileheight":100,
         "tilewidth":100
        }],
 "tilewidth":100,
 "version":1,
 "width":30
}